{
  "val": {
    "auc": 0.9595234930314311,
    "ap": 0.971068354469176,
    "f1@0.5": 0.9075240784995293,
    "acc@0.5": 0.9102410908835313,
    "sens@0.5": 0.8546099290778976,
    "spec@0.5": 0.9693981145756388
  },
  "test_auc": 0.9489695243381279,
  "threshold": 0.12499999999999999,
  "model": "efficientnet_b0",
  "imgsz": 224
}