{
  "val": {
    "auc": 0.9591008768025725,
    "ap": 0.9712114684400823,
    "f1@0.5": 0.8981556921709503,
    "acc@0.5": 0.9033527799254938,
    "sens@0.5": 0.8269230769229641,
    "spec@0.5": 0.9846265409715758
  },
  "test_auc": 0.9501118703459315,
  "threshold": 0.09,
  "model": "efficientnet_b0",
  "imgsz": 224
}